{
  "url": "https://www.loudwolf.com/storefront/index.php?search=sodium&route=product%2Fsearch&limit=100",
  "hash": "4f165104",
  "status": 200,
  "statusText": "",
  "headers": {
    "cache-control": "no-store, no-cache, must-revalidate, post-check=0, pre-check=0",
    "content-encoding": "gzip",
    "content-security-policy": "upgrade-insecure-requests;",
    "content-type": "text/html; charset=utf-8",
    "date": "Sat, 31 May 2025 00:55:03 GMT",
    "expires": "Thu, 19 Nov 1981 08:52:00 GMT",
    "pragma": "no-cache",
    "server": "Apache",
    "vary": "Accept-Encoding,User-Agent"
  },
  "timestamp": "2025-05-31T00:55:04.247Z"
}