{
  "url": "https://www.ftfscientific.com/_api/wix-ecommerce-storefront-web/api?o=getFilteredProducts&s=WixStoresWebClient&q=%0A++++query%2CgetFilteredProductsWithHasDiscount%28%0A++++++++%24mainCollectionId%3A+String%21%0A++++++++%24filters%3A+ProductFilters%0A++++++++%24sort%3A+ProductSort%0A++++++++%24offset%3A+Int%0A++++++++%24limit%3A+Int%0A++++++++%24withOptions%3A+Boolean+%3D+false%0A++++++++%24withPriceRange%3A+Boolean+%3D+false%0A++++++%29+%7B%0A++++++++catalog+%7B%0A++++++++++category%28categoryId%3A+%24mainCollectionId%29+%7B%0A++++++++++++numOfProducts%0A++++++++++++productsWithMetaData%28%0A++++++++++++++filters%3A+%24filters%0A++++++++++++++limit%3A+%24limit%0A++++++++++++++sort%3A+%24sort%0A++++++++++++++offset%3A+%24offset%0A++++++++++++++onlyVisible%3A+true%0A++++++++++++%29+%7B%0A++++++++++++++totalCount%0A++++++++++++++list+%7B%0A++++++++++++++++id%0A++++++++++++++++options+%7B%0A++++++++++++++++++id%0A++++++++++++++++++key%0A++++++++++++++++++title+%40include%28if%3A+%24withOptions%29%0A++++++++++++++++++optionType+%40include%28if%3A+%24withOptions%29%0A++++++++++++++++++selections+%40include%28if%3A+%24withOptions%29+%7B%0A++++++++++++++++++++id%0A++++++++++++++++++++value%0A++++++++++++++++++++description%0A++++++++++++++++++++key%0A++++++++++++++++++++inStock%0A++++++++++++++++++%7D%0A++++++++++++++++%7D%0A++++++++++++++++productItems+%40include%28if%3A+%24withOptions%29+%7B%0A++++++++++++++++++id%0A++++++++++++++++++optionsSelections%0A++++++++++++++++++price%0A++++++++++++++++++formattedPrice%0A++++++++++++++++%7D%0A++++++++++++++++productType%0A++++++++++++++++price%0A++++++++++++++++sku%0A++++++++++++++++isInStock%0A++++++++++++++++urlPart%0A++++++++++++++++formattedPrice%0A++++++++++++++++name%0A++++++++++++++++description%0A++++++++++++++++brand%0A++++++++++++++++priceRange%28withSubscriptionPriceRange%3A+true%29+%40include%28if%3A+%24withPriceRange%29+%7B%0A++++++++++++++++++fromPriceFormatted%0A++++++++++++++++%7D%0A++++++++++++++%7D%0A++++++++++++%7D%0A++++++++++%7D%0A++++++++%7D%0A++++++%7D%0A++++&v=%7B%22mainCollectionId%22%3A%2200000000-000000-000000-000000000001%22%2C%22offset%22%3A0%2C%22limit%22%3A150%2C%22sort%22%3Anull%2C%22filters%22%3A%7B%22term%22%3A%7B%22field%22%3A%22name%22%2C%22op%22%3A%22CONTAINS%22%2C%22values%22%3A%5B%22*sodium*%22%5D%7D%7D%2C%22withOptions%22%3Atrue%2C%22withPriceRange%22%3Afalse%7D",
  "hash": "6535a35d",
  "status": 200,
  "statusText": "",
  "headers": {
    "accept-ranges": "bytes",
    "age": "0",
    "alt-svc": "h3=\":443\"; ma=2592000,h3-29=\":443\"; ma=2592000",
    "cache-control": "public,max-age=0,must-revalidate",
    "content-encoding": "br",
    "content-type": "application/json;charset=utf-8",
    "date": "Sat, 31 May 2025 00:54:55 GMT",
    "etag": "W/\"561214dde1974741a731741d0b78dfdc\"",
    "glb-x-seen-by": "bS8wRlGzu0Hc+WrYuHB8QIg44yfcdCMJRkBoQ1h6Vjc=",
    "server": "Pepyaka",
    "server-timing": "cache;desc=miss, varnish;desc=miss_miss, dc;desc=fastly_sea1_g",
    "vary": "Accept-Encoding",
    "via": "1.1 google",
    "x-cache": "MISS",
    "x-content-type-options": "nosniff",
    "x-seen-by": "yvSunuo/8ld62ehjr5B7kA==,ui2Pjuc3zC1HEw7V2qXeyh9slopJdhD+WySraMrpIY8=,dwc60INy8NFddnU/0WdlOB9slopJdhD+WySraMrpIY8=,m0j2EEknGIVUW/liY8BLLqPXpcX6IEGf7sG3D7kVVb7sahF7g447TYWIgQC/HGAr,2d58ifebGbosy5xc+FRalqTpa5yTIbAQXEjIjBwtKnJoj4H8T1vsf7E77hXDHcEm3/Eq+R9qKYkZFkszAwvcPw==,2UNV7KOq4oGjA5+PKsX47PCERhb6OrqgYMb3q9mgzMma46R9xNIlpQ4eUPYpBuqs,R8nVwPJv9QJL1m78OROO+CRn6qICGwWfp3GqOGds7es=",
    "x-served-by": "cache-bur-kbur8200028-BUR",
    "x-wix-request-id": "1748652895.6143381838351478636"
  },
  "timestamp": "2025-05-31T00:54:55.716Z"
}