{
  "url": "https://carolinachemical.com/wp-json/wc/store/v1/products?search=sodium&per_page=100",
  "hash": "bd502b1",
  "status": 200,
  "statusText": "",
  "headers": {
    "access-control-allow-credentials": "true",
    "access-control-allow-headers": "Authorization, X-WP-Nonce, Content-Disposition, Content-MD5, Content-Type, Cart-Token, Nonce",
    "access-control-allow-methods": "OPTIONS, GET, POST, PUT, PATCH, DELETE",
    "access-control-expose-headers": "X-WP-Total, X-WP-TotalPages, Link, Cart-Token",
    "allow": "GET",
    "content-security-policy": "upgrade-insecure-requests",
    "content-type": "application/json; charset=UTF-8",
    "date": "Sat, 31 May 2025 00:54:53 GMT",
    "link": "<https://carolinachemical.com/wp-json/>; rel=\"https://api.w.org/\"",
    "server": "Apache",
    "vary": "Origin",
    "x-content-type-options": "nosniff",
    "x-robots-tag": "noindex",
    "x-wp-total": "6",
    "x-wp-totalpages": "1"
  },
  "timestamp": "2025-05-31T00:54:54.523Z"
}